code,Bacteria_total,Microbial,AMF_PLFA,Actinobacteria_total,Fungi_total,Total_PLFA,AMF_NLFA,site,location,landuse
VB001,38.76581298,10.20961297,3.543039307,6.385718647,1.991581999,53.90354263,1.588667196,A,Haarzuilens,Food_forest
VB002,40.47433394,11.09945501,3.10112342,7.180851463,2.780966954,56.83858418,1.764268088,A,Haarzuilens,Food_forest
VB003,40.57138824,11.72258362,3.18981485,7.071870653,2.736936434,57.52511089,1.319187432,A,Haarzuilens,Food_forest
VB004,44.71968435,11.80585909,3.550434483,7.790319254,2.6788505,62.06694151,1.687136835,A,Haarzuilens,Food_forest
VB005,38.11911947,9.988877153,3.038760744,6.858187513,2.020246939,52.5928135,1.460767922,A,Haarzuilens,Food_forest
VB006,36.51799172,11.13256144,2.397134496,6.843706971,2.087971356,51.53435911,1.18114335,A,Haarzuilens,Food_forest
VB007,42.71063355,10.97360584,4.564812787,6.651360058,2.416250001,59.98627155,2.854651276,B,Haarzuilens,Grassland
VB008,39.60555524,10.29236085,3.982089876,6.518554038,2.070474922,55.33533979,2.239988521,B,Haarzuilens,Grassland
VB009,31.49129438,9.539864365,3.368251151,4.894251403,2.271188559,46.09553119,1.985025013,B,Haarzuilens,Grassland
VB010,44.34388988,11.82288243,4.43960605,6.985758964,2.61873812,62.45389867,2.207683892,B,Haarzuilens,Grassland
VB011,40.26251041,11.7869915,4.183821615,6.443842339,4.581644639,60.10393372,2.105616144,B,Haarzuilens,Grassland
VB012,36.41805691,11.42710226,3.415253113,5.7416967,3.220932999,53.88990271,3.091479435,B,Haarzuilens,Grassland
VB013,34.91035357,9.357116321,2.681933522,5.618124424,2.068898966,48.46531111,2.146472231,C,Haarzuilens,Forest
VB014,26.18571179,8.782198248,2.675684628,3.843091562,3.313183333,40.4610574,2.548886765,C,Haarzuilens,Forest
VB015,29.02853139,8.59558882,2.571800175,4.799776797,2.372382515,42.09186169,2.284901693,C,Haarzuilens,Forest
VB016,28.68075384,8.646317227,2.065338456,4.721520572,2.260107716,41.17931944,1.81901614,C,Haarzuilens,Forest
VB017,41.01220821,11.99148226,3.859035419,5.520776407,3.643797168,59.90063586,2.542475688,C,Haarzuilens,Forest
VB018,31.25200893,9.064684619,2.726560078,4.852748113,2.587354644,45.09556168,3.605224857,C,Haarzuilens,Forest
VB019,31.94422819,9.517387569,1.943752874,6.324698458,1.250269859,44.02616929,1.550647088,D,Haarzuilens,Arable_field
VB020,31.94631179,9.52562257,1.97575983,6.262068062,1.727838748,44.49834696,1.300996523,D,Haarzuilens,Arable_field
VB021,27.03919945,8.461321052,1.520054985,5.166276778,1.280548979,37.70162477,3.716834041,D,Haarzuilens,Arable_field
VB022,36.29875147,11.49806731,2.008918169,6.597460261,1.828293615,50.81062004,1.678908565,D,Haarzuilens,Arable_field
VB023,37.1269401,11.20502518,2.186432584,7.277505157,1.396121679,51.16591557,1.863642609,D,Haarzuilens,Arable_field
VB024,31.25086554,9.855883296,1.821537531,5.85442881,1.350883849,43.62169217,1.271004921,D,Haarzuilens,Arable_field
VB025,16.33082224,6.104886941,1.544412272,2.129362879,2.385457108,26.0395756,0.861533818,E,Vlaardingen,Forest
VB026,24.78136231,10.15659931,1.524414906,4.1521806,2.062400166,37.94905107,0.523317816,E,Vlaardingen,Forest
VB027,31.04671907,10.57206172,2.230330856,5.438265614,2.609083587,45.91528575,2.903640213,E,Vlaardingen,Forest
VB028,32.35109691,10.02751926,2.927328007,5.266308711,1.897119873,46.52826571,1.321610945,E,Vlaardingen,Forest
VB029,28.41728943,8.611075671,2.397490477,4.674983146,1.615039009,40.5461091,0.950613566,E,Vlaardingen,Forest
VB030,29.77752327,9.407648792,2.466141449,5.427780643,1.735376836,42.84504701,1.20197753,E,Vlaardingen,Forest
VB031,29.42622049,10.0861256,2.408444537,4.913878888,2.638285945,44.0317454,8.121354579,F,Vlaardingen,Grassland
VB032,29.68869577,9.285007521,2.886877454,5.011296781,2.241918498,43.59648091,3.546902985,F,Vlaardingen,Grassland
VB033,28.49515578,8.881303378,2.446103348,4.810814231,1.701448878,41.00535089,3.186433611,F,Vlaardingen,Grassland
VB034,23.10644491,7.61777848,1.936877105,4.219398322,1.338123527,33.55106604,8.342016292,F,Vlaardingen,Grassland
VB035,24.13803046,8.163748554,2.537179624,4.028216837,3.041062076,37.44649703,12.61257126,F,Vlaardingen,Grassland
VB036,19.44216454,7.11393757,1.877663814,3.215711631,1.60385866,29.63790903,8.128476263,F,Vlaardingen,Grassland
VB037,22.51362936,8.26015176,2.338878608,3.226179042,2.167247502,34.79334923,1.052087399,G,Vlaardingen,Food_forest
VB038,25.21684554,7.792676138,2.853314304,3.265146385,2.059816187,37.43343762,0.942954605,G,Vlaardingen,Food_forest
VB039,35.57057246,11.68378147,3.267992179,5.234462948,2.392897347,52.30321394,3.169372437,G,Vlaardingen,Food_forest
VB040,30.77460123,9.255929958,2.825950526,4.473165688,1.620839624,43.97179019,4.462670936,G,Vlaardingen,Food_forest
VB041,34.08843183,10.69205592,3.271125327,4.884938487,2.714338037,50.13782546,1.235439482,G,Vlaardingen,Food_forest
VB042,20.32549082,7.15481237,2.321986201,3.008349015,2.55992531,31.93542182,1.072674116,G,Vlaardingen,Food_forest
VB043,7.648840352,3.415103855,0.482083668,1.033627075,0.364663632,11.73456145,0.190209186,H,Boelenslaan,Food_forest
VB044,7.545136368,3.478502204,0.580460672,1.007495615,0.468800836,11.8939034,0.439156193,H,Boelenslaan,Food_forest
VB045,10.97193884,5.04129093,0.714608244,1.630387716,0.656358664,17.12957996,0.307117565,H,Boelenslaan,Food_forest
VB046,8.207396811,3.499533636,0.592609705,1.133221624,0.43991779,12.55375156,0.209010934,H,Boelenslaan,Food_forest
VB047,9.881857192,4.321790435,0.754955156,1.411560074,0.486131174,15.21150339,0.223370168,H,Boelenslaan,Food_forest
VB048,9.779640306,4.152687751,0.609761746,1.500951989,0.423760152,14.75154377,0.208017279,H,Boelenslaan,Food_forest
VB049,11.17304372,5.489990047,0.879740268,2.051814463,0.847562998,18.13223425,0.496506034,I,Boelenslaan,Grassland
VB050,7.960678462,3.96467651,0.728517341,1.381532333,0.439359411,12.88519866,0.212078659,I,Boelenslaan,Grassland
VB051,9.464605401,4.829092168,0.809123308,1.39169209,0.788360899,15.64325418,0.548568465,I,Boelenslaan,Grassland
VB052,11.88637001,5.682785353,1.007553426,1.893648357,0.778438538,19.05334137,0.635030169,I,Boelenslaan,Grassland
VB053,9.679316341,4.769462453,0.814462641,1.697197828,0.577912688,15.60845051,0.257753297,I,Boelenslaan,Grassland
VB054,9.88753906,4.637202857,0.882015742,1.839400035,0.523505879,15.6511962,0.222012864,I,Boelenslaan,Grassland
VB055,9.33957044,4.016774604,0.644151945,1.220598333,0.434074886,14.20930852,0.177374478,J,Boelenslaan,Food_forest
VB056,8.013284827,3.654417164,0.381096172,1.219636065,0.715357292,12.55820954,0.09386323,J,Boelenslaan,Food_forest
VB057,7.595749589,4.705092529,0.463661141,1.037897297,1.470145082,14.02669192,0.412598612,J,Boelenslaan,Food_forest
VB058,11.47197382,4.056204341,0.723032315,2.051717058,1.098092305,17.11732123,0.33661589,J,Boelenslaan,Food_forest
VB059,10.49848403,4.584142097,0.569264196,1.939715039,0.869549463,16.26587786,0.118638462,J,Boelenslaan,Food_forest
VB060,6.341669414,2.736140142,0.37731323,0.940393368,0.355846832,9.649146001,0.12752049,J,Boelenslaan,Food_forest
VB061,8.37713555,4.061366968,0.520881637,1.420723538,0.941361452,13.67427533,0.162549925,K,Boelenslaan,Forest
VB062,8.502206442,3.727287484,0,1.722890534,0.517579835,12.53059889,0.103983106,K,Boelenslaan,Forest
VB063,9.042222817,4.014973183,0.326698085,1.757343132,0.626090061,13.79738659,0.045394466,K,Boelenslaan,Forest
VB064,6.394306039,2.606189895,0.223205497,1.288214581,0.364214683,9.429192205,0.260742768,K,Boelenslaan,Forest
VB065,10.19247122,4.448322633,0.521624855,1.908441008,1.212679737,16.11154062,0.564604044,K,Boelenslaan,Forest
VB066,7.771156118,4.21800733,0.439620751,1.607419907,0.919947127,13.12349353,0.032440373,K,Boelenslaan,Forest
VB067,16.68192552,6.169398094,1.269286018,3.057142179,1.378678431,25.12935799,1.580644067,L,Groesbeek,Arable_field
VB068,20.27941785,7.486873742,1.367657256,3.899772692,1.417894666,30.10795475,1.210062584,L,Groesbeek,Arable_field
VB069,20.26180955,7.064145856,1.332615277,3.681212035,0.812234518,29.11195356,2.246566649,L,Groesbeek,Arable_field
VB070,19.08149498,6.7329263,1.293594636,3.689861809,1.122154383,27.85611884,1.245523557,L,Groesbeek,Arable_field
VB071,18.7762147,6.439270869,1.321170651,3.47689444,0.914151618,27.07497172,1.146854398,L,Groesbeek,Arable_field
VB072,17.6423259,6.462242378,0.899358204,3.20270046,0.867148044,25.4845526,0.813883496,L,Groesbeek,Arable_field
VB073,20.07149464,6.425568341,1.041087055,3.334622798,1.099604532,28.28490291,0.254352162,M,Groesbeek,Forest
VB074,19.73884394,6.347638858,1.316813826,3.417959386,1.396994528,28.439478,0.548787574,M,Groesbeek,Forest
VB075,16.12766951,6.304111045,0.852516209,2.987564148,1.235772761,24.17104722,0.683964964,M,Groesbeek,Forest
VB076,21.5243514,7.389049855,0.806403263,4.8554059,1.898891941,31.18599227,0.311028267,M,Groesbeek,Forest
VB077,18.4524278,7.054981711,0.860660776,3.943027277,2.200820124,28.20426264,0.506624529,M,Groesbeek,Forest
VB078,19.30197727,6.439625254,0.752632826,3.678671673,1.593007822,27.72002595,0.908274362,M,Groesbeek,Forest
VB081,18.49523156,7.45085981,1.658158626,3.206942237,1.158874206,28.35234171,1.17977892,N,Groesbeek,Grassland
VB082,19.39322744,7.350325318,1.473933305,3.355365818,0.818333106,28.6203167,1.642843808,N,Groesbeek,Grassland
VB083,16.2440117,6.798826451,1.297136263,2.833994855,0.851579056,24.83385261,1.718955929,N,Groesbeek,Grassland
VB084,13.14937115,6.00995414,1.039452034,2.12650595,0.552181846,20.44024869,0.828284726,N,Groesbeek,Grassland
VB085,12.40349472,5.546008796,1.028915195,1.757730124,1.143888673,19.83584804,1.227560826,O,Groesbeek,Food_forest
VB086,9.869967524,4.850384042,0.885387563,1.257805385,1.247062563,16.62093579,0.389317754,O,Groesbeek,Food_forest
VB087,13.52674023,5.012239727,0.977219796,2.102840471,0.82288288,20.04302287,0.623350248,O,Groesbeek,Food_forest
VB088,13.68864601,6.307058061,1.180221351,1.900844972,1.56215187,22.38977588,1.015958235,O,Groesbeek,Food_forest
VB089,12.01856239,4.6649611,0.958142445,1.846513298,0.74152599,18.12033151,0.360712266,O,Groesbeek,Food_forest
VB090,13.15258686,5.493625517,1.037358023,2.01589268,1.436403026,20.83460061,0.489223016,O,Groesbeek,Food_forest
VB091,12.48649628,4.792663606,1.151317255,1.959808958,1.118726891,19.26403835,1.604933494,P,Sint-Truiden,Food_forest
VB092,18.80955254,6.06571837,1.597774726,3.25593667,1.314310024,27.43782023,1.573879165,P,Sint-Truiden,Food_forest
VB093,11.99435315,5.603343295,0.966274057,1.851091137,1.230075095,19.53622305,1.620090968,P,Sint-Truiden,Food_forest
VB094,24.63262282,8.304615215,2.029009556,3.966687401,1.95147616,36.44595275,4.953506986,P,Sint-Truiden,Food_forest
VB095,12.41772001,4.900266193,1.004040556,1.974670205,1.418678464,19.49911867,2.972342005,P,Sint-Truiden,Food_forest
VB096,15.03091403,5.867715559,1.328276944,2.454878332,1.184843897,23.09967489,1.063182897,P,Sint-Truiden,Food_forest
VB097,15.10168644,6.248906718,0.637128195,3.135136911,2.226063755,23.87773883,0.364100303,Q,Sint-Truiden,Forest
VB098,13.89302422,4.932163307,0.490780341,3.222671493,2.158000564,21.18523197,0.827289025,Q,Sint-Truiden,Forest
VB099,15.55750555,6.408151731,0.472767259,4.536162986,3.396998828,25.46159097,0.617472798,Q,Sint-Truiden,Forest
VB100,10.82144711,4.458610957,0.385470688,2.566378181,1.545309158,16.96499328,0.109408549,Q,Sint-Truiden,Forest
VB101,10.37611279,3.992272137,0.383789393,2.186305869,0.816738327,15.34467614,0.5520061,Q,Sint-Truiden,Forest
VB102,10.87655831,4.340496721,0.347092975,2.658600105,1.38763809,16.71770014,0.143777417,Q,Sint-Truiden,Forest
VB103,15.03312594,6.830514532,1.12386852,2.61975381,1.776689539,24.47753062,4.490001331,R,Sint-Truiden,Grassland
VB104,13.94486416,6.002618862,1.027836233,2.180698245,1.693028634,22.41691484,2.408159684,R,Sint-Truiden,Grassland
VB105,10.26007922,4.736691834,0.859652441,1.603675091,0.747464012,16.39396437,1.815656203,R,Sint-Truiden,Grassland
VB106,9.420764695,4.442429563,0.782132452,1.345626468,0.686952312,15.13433192,1.618244962,R,Sint-Truiden,Grassland
VB107,8.250158316,4.590725544,0.616545696,1.265960548,0.485069069,13.73133919,0.941197304,R,Sint-Truiden,Grassland
VB108,10.26612798,5.459296459,0.728076107,1.527515567,0.887794086,17.09831941,2.776445677,R,Sint-Truiden,Grassland
VB109,11.72905204,5.17494606,1.210863065,1.765295551,1.153306999,18.91627474,1.00461456,S,Sint-Truiden,Arable_field
VB110,10.91599469,4.268981374,1.051107068,1.737717331,0.921348814,16.87118132,0.70094797,S,Sint-Truiden,Arable_field
VB111,11.72422524,5.175835858,1.071067776,1.857509209,1.419164804,19.00649439,1.021343487,S,Sint-Truiden,Arable_field
VB112,12.34906895,5.407691924,1.271976329,1.941663979,1.285599525,19.90205579,0.99926668,S,Sint-Truiden,Arable_field
VB113,10.27065278,4.353092315,1.022549288,1.686238612,1.053999936,16.39707781,1.018933429,S,Sint-Truiden,Arable_field
VB114,10.58645245,4.96735691,0.905935812,1.73828823,1.048324458,17.13441889,0.896936049,S,Sint-Truiden,Arable_field
VB115,14.32776438,5.331146898,1.625666388,2.022957914,0.98691146,21.89525546,9.416758871,T,Amsterdam,Grassland
VB116,18.24479514,6.790291296,2.426894605,2.230267572,1.559698889,28.55243852,7.79320402,T,Amsterdam,Grassland
VB117,15.71667501,6.162060942,2.074312501,1.825545314,0.979285938,24.57083283,11.1012104,T,Amsterdam,Grassland
VB118,19.08252683,7.570955038,2.322678889,2.78047994,2.236891301,30.74963874,10.37379433,T,Amsterdam,Grassland
VB119,13.26912151,4.847783489,1.656231909,1.677491204,0.808517542,20.26342938,6.179084756,T,Amsterdam,Grassland
VB120,13.62301821,5.095683455,1.820076668,1.846637436,0.922322689,21.12444328,7.374602395,T,Amsterdam,Grassland
VB121,11.26242176,4.138751874,1.388613962,1.498980678,0.9561771,17.47305791,2.65140955,U,Amsterdam,Food_forest
VB122,9.62890664,3.831452821,1.19335996,1.257746713,1.029306041,15.43518056,4.367940441,U,Amsterdam,Food_forest
VB123,6.927965481,2.872986856,0.966050963,0.911659859,1.132471508,11.71357088,7.80784797,U,Amsterdam,Food_forest
VB124,10.63851861,5.148999995,1.534125999,1.328022623,2.093293419,19.11205567,7.344270893,U,Amsterdam,Food_forest
VB125,12.45580309,5.140352064,1.579517321,1.676803566,1.789908712,20.62626575,9.586058171,U,Amsterdam,Food_forest
VB126,10.92122475,4.5146133,1.270352066,1.385905103,1.730370171,18.13963287,4.166902658,U,Amsterdam,Food_forest
VB127,15.65906751,9.005910678,1.909891792,2.46445263,4.88721487,30.98382529,4.579991497,V,Amsterdam,Forest
VB128,12.54026688,5.1436494,1.384137307,2.161377056,1.971347074,20.72182803,4.267837386,V,Amsterdam,Forest
VB129,11.49225371,4.676778763,1.326250694,1.796878992,2.010604687,19.22883602,2.985438587,V,Amsterdam,Forest
VB130,9.98830564,4.772468157,1.306042003,1.113514195,2.448250247,18.24756347,4.03951649,V,Amsterdam,Forest
VB131,9.086392392,4.20596145,1.149376853,1.260525383,2.084876987,16.26389297,3.47684642,V,Amsterdam,Forest
VB132,10.60964912,6.400877193,1.5,1.309649122,4.465789474,22.70877193,7.123157477,V,Amsterdam,Forest
VB133,6.278310074,3.043831858,0.269694848,1.251756089,0.492890585,9.906170776,0.080957875,W,Swalmen,Forest
VB134,6.618945346,3.134383484,0.305893522,1.076778,0.668373244,10.55783699,0.356192254,W,Swalmen,Forest
VB135,5.344231336,2.40616199,0.212942641,0.98384891,0.405219962,8.244564012,0.119628863,W,Swalmen,Forest
VB136,11.0965985,4.10047854,0.330235216,2.406893303,1.043543284,16.3289148,0.2521906,W,Swalmen,Forest
VB137,8.120089562,3.847488624,0.289579991,1.338289114,0.835412352,12.90223279,0.117210386,W,Swalmen,Forest
VB138,7.021806266,3.108084779,0.308900777,1.372077087,1.027957218,11.29212105,0.104879925,W,Swalmen,Forest
VB139,6.296432242,4.313936167,0.419968016,1.076682707,0.522901354,11.35766444,1.132332773,X,Swalmen,Grassland
VB140,6.641984223,4.374192897,0.417491822,1.165340148,0.610704915,11.85646465,1.252817445,X,Swalmen,Grassland
VB141,6.814507505,4.217219564,0.369061415,1.229718469,0.447104046,11.65825623,0.775867623,X,Swalmen,Grassland
VB142,5.941515173,3.814066698,0.377613675,1.070467338,0.539448107,10.50659478,1.004469417,X,Swalmen,Grassland
VB143,9.462648276,6.630041526,0.598911459,1.698952915,1.468249777,17.85657572,1.858755817,X,Swalmen,Grassland
VB144,6.127770126,4.156912548,0.366127692,1.040932189,0.464475822,10.93514357,1.282501364,X,Swalmen,Grassland
VB145,7.671769896,3.96734628,0.603329158,1.042114,0.893240571,12.93805861,0.922454937,Y,Swalmen,Food_forest
VB146,8.100749088,3.930577125,0.590502866,1.172860865,0.558602137,12.94083638,0.358714678,Y,Swalmen,Food_forest
VB147,8.98536916,4.193934634,0.676594772,1.254082704,0.67278297,14.29520869,0.317704239,Y,Swalmen,Food_forest
VB148,5.588942806,3.195306061,0.320017943,0.922691327,0.272908703,9.209856487,0.226311166,Y,Swalmen,Food_forest
VB149,8.516161725,4.913426492,0.605373741,1.260243447,0.904253229,14.68887982,0.346239252,Y,Swalmen,Food_forest
VB150,9.280821046,4.40339222,0.730778575,1.308448006,0.657232698,14.8562671,0.642389764,Y,Swalmen,Food_forest
VB151,13.06656577,6.239831699,1.139330542,1.723710414,1.315064921,21.41773252,1.03343202,Z,Nevele,Food_forest
VB152,14.17869758,6.36417876,1.369164308,1.827807293,1.262282904,22.85232641,1.409709436,Z,Nevele,Food_forest
VB153,19.28977989,6.936173578,1.853040946,2.346742417,1.944918126,29.60769785,0.991970685,Z,Nevele,Food_forest
VB154,15.90188953,7.583043402,1.57061255,2.00264351,1.64149263,26.29988465,1.130326633,Z,Nevele,Food_forest
VB155,17.5633245,7.595397777,1.688504851,2.105960731,1.862384925,28.3223337,1.316969562,Z,Nevele,Food_forest
VB156,9.733605973,4.975358326,0.849118727,1.314031122,0.651332036,15.93433242,0.839090835,Z,Nevele,Food_forest
VB157,8.628406363,4.110869835,0.576111149,1.423333427,0.363937222,13.41263373,0.311288038,AA,Nevele,Arable_field
VB158,7.0659064,4.361742319,0.442562936,1.266124934,0.211408017,11.80400145,0.742102113,AA,Nevele,Arable_field
VB159,11.31602164,5.496384155,0.710079819,1.857629148,0.617413864,17.78647584,0.714328412,AA,Nevele,Arable_field
VB160,6.849686405,4.143546916,0.479135809,1.1086127,0.305571306,11.5163714,0.493558044,AA,Nevele,Arable_field
VB161,8.388172868,4.818436318,0.578006387,1.392879534,0.365598695,13.84383226,0.451520712,AA,Nevele,Arable_field
VB162,8.804629585,4.845412672,0.544616263,1.66131847,0.259170458,14.13852483,0.452198955,AA,Nevele,Arable_field
VB163,15.36225798,6.623538455,1.537434473,2.088590228,2.053538656,25.1706548,1.419327213,AB,Nevele,Forest
VB164,15.03154222,6.735164314,1.387591081,2.136251333,2.089026011,24.86135411,2.108138377,AB,Nevele,Forest
VB165,7.437248742,2.799977362,0.671554204,0.837913715,0.932102556,11.67696982,0.732860515,AB,Nevele,Forest
VB166,13.57293139,5.740597367,1.169140648,2.064486983,1.282032143,21.40786062,1.814758221,AB,Nevele,Forest
VB167,11.80980766,4.531730977,1.187130079,1.448736444,1.52586342,18.81168639,1.706079915,AB,Nevele,Forest
VB168,9.202327685,3.531890313,0.837049654,1.216957478,0.850617791,14.19331453,0.991579881,AB,Nevele,Forest
VB169,12.60251082,7.73503906,0.954558811,2.394178757,0.845614599,21.78624851,2.179046,AC,Nevele,Grassland
VB170,13.94256999,7.994367618,0.999551723,2.755161504,0.652726714,23.20249081,1.834788692,AC,Nevele,Grassland
VB171,12.66743627,7.931533237,0.823028804,2.383063628,0.545198459,21.60334364,1.926697471,AC,Nevele,Grassland
VB172,12.54844714,7.319163651,0.89140722,2.262891079,0.612985685,21.00994112,2.425512996,AC,Nevele,Grassland
VB173,14.04003932,8.194583669,0.954596377,2.721704773,0.511503681,23.31446409,1.879687547,AC,Nevele,Grassland
VB174,11.16033782,6.546548132,0.893677081,1.976379728,0.785183118,19.38574615,2.757253676,AC,Nevele,Grassland
VB175,14.93754694,7.236753495,1.064265543,2.755237218,0.714974601,23.53867878,0.720855344,AD,Houthulst,Food_forest
VB176,18.62579954,8.443985217,1.556512623,2.885741205,1.112159553,29.31453389,1.450216053,AD,Houthulst,Food_forest
VB177,19.43849848,7.847341862,1.730956259,2.793510838,0.951579491,29.51299556,0.94442282,AD,Houthulst,Food_forest
VB178,27.80502157,12.02717132,2.695176598,3.751546943,2.260302693,44.1557596,1.799619904,AD,Houthulst,Food_forest
VB179,21.9090624,8.768780766,2.445103234,2.662272147,1.945927206,34.5361067,1.555570696,AD,Houthulst,Food_forest
VB180,24.18407875,9.956755433,2.474617756,3.110806911,2.47758137,38.54377684,1.964383603,AD,Houthulst,Food_forest
VB181,9.353264919,4.756002411,0.944696018,1.540164246,0.741044335,15.5270857,5.229949402,AE,Houthulst,Grassland
VB182,10.48548103,4.69404314,1.102689773,1.65866781,1.027235611,17.04072683,4.996585651,AE,Houthulst,Grassland
VB183,11.38619619,5.380731909,1.199041752,1.666522748,1.06913844,18.72487867,4.558269077,AE,Houthulst,Grassland
VB184,9.031729795,4.431346223,0.834488183,1.345879659,0.883701589,14.94482747,3.402508835,AE,Houthulst,Grassland
VB185,9.309735642,4.624530898,0.997418824,1.438414091,0.975221076,15.67013046,5.924003128,AE,Houthulst,Grassland
VB186,9.373703123,4.68610489,1.051312251,1.430620933,0.842244474,15.67858995,4.350118219,AE,Houthulst,Grassland
VB187,15.83414809,6.414906885,0.77982069,3.772398919,0.88693174,23.5879431,1.247993427,AF,Houthulst,Forest
VB188,15.77371085,6.295419933,1.091589697,2.975900462,1.420025542,24.23233233,0.000000001,AF,Houthulst,Forest
VB189,17.71400403,6.934510531,1.338676493,2.929171457,2.261614945,27.85207313,1.94298775,AF,Houthulst,Forest
VB190,15.6047681,5.749665579,1.04860938,2.85486471,1.534689463,23.59998674,0.939289842,AF,Houthulst,Forest
VB191,13.9704315,6.35554868,1.192823856,3.780183097,1.360735075,22.50337437,0.176353593,AF,Houthulst,Forest
VB192,13.47487087,5.751001383,0.710797924,2.728090895,1.465011062,21.12200649,0.418634966,AF,Houthulst,Forest
VB193,8.088499382,3.481725942,0.670291457,1.337030132,0.45120326,12.44420959,0.239028175,AG,Houthulst,Arable_field
VB194,8.128215632,3.428785078,0.675875253,1.376921033,0.550954862,12.53492228,0.290219494,AG,Houthulst,Arable_field
VB195,8.877355168,3.65760085,0.775978323,1.476500147,0.598553582,13.67394128,0.297871766,AG,Houthulst,Arable_field
VB196,7.700946163,3.138101202,0.628765533,1.267838697,0.448954625,11.69229021,0.265813463,AG,Houthulst,Arable_field
VB197,7.093957783,3.221861776,0.611155047,1.101815937,0.485233226,11.20487104,0.302962754,AG,Houthulst,Arable_field
VB198,6.982000133,2.618070729,0.589603874,1.170600392,0.357205267,10.35464906,0.222330651,AG,Houthulst,Arable_field
VB199,45.95814555,14.50896874,3.210929815,5.759247271,2.020220388,64.88743622,7.145742136,AH,Rijswijk,Grassland
VB200,43.71632843,11.47835784,2.573319161,7.68609802,1.146205513,58.23702169,5.50050455,AH,Rijswijk,Grassland
VB201,48.26237813,13.79129485,3.439044004,8.095540802,1.778053386,66.48905122,5.131335031,AH,Rijswijk,Grassland
VB202,42.27947011,12.71841958,3.296967823,7.296312259,2.44811267,60.0057749,5.593404428,AH,Rijswijk,Grassland
VB203,43.26330383,12.55637016,3.085122178,7.745297806,1.294187276,59.44890554,6.864297492,AH,Rijswijk,Grassland
VB204,52.72292934,14.63647209,3.799969494,8.744322864,1.89888649,72.24554718,9.389756451,AH,Rijswijk,Grassland
VB205,22.35827784,7.730370437,1.953857793,3.595403035,2.201422621,33.82624239,7.131200775,AI,Rijswijk,Food_forest
VB206,25.84482125,8.749159223,2.490748992,4.18498638,2.655038678,39.26376812,5.251184441,AI,Rijswijk,Food_forest
VB207,26.2671563,9.24107332,2.162631597,4.744099033,1.922468109,39.09327878,3.659155676,AI,Rijswijk,Food_forest
VB208,25.74480935,8.766150014,2.364614896,4.185937528,1.956886988,38.33263237,3.849911056,AI,Rijswijk,Food_forest
VB209,22.66582949,8.443440567,2.304016922,3.738355684,2.293933697,35.26607958,5.715349216,AI,Rijswijk,Food_forest
VB210,22.4996059,7.997839887,2.184223115,3.920535579,1.609843575,33.85545829,9.18974926,AI,Rijswijk,Food_forest
VB211,15.63940467,4.899820045,1.275492422,2.941944308,0.612605773,22.13897748,1.090182964,AJ,Rijswijk,Arable_field
VB212,18.56929069,5.428264285,1.338476125,3.656022749,0.479207502,25.4548002,0.532110228,AJ,Rijswijk,Arable_field
VB213,16.59590475,5.29572208,1.180842278,3.302395037,0.494251852,23.23683116,0.696511099,AJ,Rijswijk,Arable_field
VB214,16.18116401,4.587680986,1.344863784,3.093022092,0.539920834,22.3770848,0.561903812,AJ,Rijswijk,Arable_field
VB215,14.79690149,4.381246885,1.057627562,2.996199576,0.3101221,20.26913569,0.901828574,AJ,Rijswijk,Arable_field
VB216,15.62046615,3.778179294,1.090941786,3.196184004,0.33770097,20.53269799,0.642973145,AJ,Rijswijk,Arable_field
VB217,23.80766562,8.270750952,2.478595476,3.541038524,4.257661619,38.36366133,5.599928146,AK,Rijswijk,Forest
VB218,21.26533339,6.999339194,2.041714757,3.194785086,4.040081005,34.00257017,7.46174296,AK,Rijswijk,Forest
VB219,23.80810144,9.791706548,2.137618167,3.632715266,4.91101767,40.13847081,7.650048348,AK,Rijswijk,Forest
VB220,30.21812542,9.67847246,3.466334201,4.201145121,3.738967228,46.54494898,6.031998601,AK,Rijswijk,Forest
VB221,27.88826698,9.925377906,3.012584844,3.940217954,4.688548178,44.98427846,5.111141946,AK,Rijswijk,Forest
VB222,27.94754578,9.88165462,2.755611016,4.007726187,5.342437864,45.39815281,4.9912392,AK,Rijswijk,Forest
VB223,32.903655,10.5435271,2.689932307,5.557234322,1.966809654,47.51094249,10.59805165,AL,Oostwaard,Grassland
VB224,33.38001676,11.05414722,3.312469904,5.860096724,1.917103058,49.01434187,13.82706635,AL,Oostwaard,Grassland
VB225,32.99542541,10.40080763,3.609885208,5.733230036,1.599971173,47.9871951,13.29743885,AL,Oostwaard,Grassland
VB226,21.76029835,8.039933202,1.970195792,3.87836388,0.77453016,32.0356774,6.521167877,AL,Oostwaard,Grassland
VB227,31.47851745,10.08816832,3.162152939,5.201397297,1.895173068,46.04984531,11.04843604,AL,Oostwaard,Grassland
VB228,30.44890314,10.02513571,3.327346671,5.350150786,1.816303917,45.01255407,17.1544876,AL,Oostwaard,Grassland
VB229,20.98898259,6.357195169,1.752960112,3.177046292,2.004269438,30.65663517,0.579912788,AM,Oostwaard,Forest
VB230,21.21311198,7.70349282,1.609731064,3.414643303,1.748412426,31.84021336,1.015960164,AM,Oostwaard,Forest
VB231,15.07035703,5.493684182,1.203105367,2.456674639,1.470334681,22.90717206,0.452533335,AM,Oostwaard,Forest
VB232,15.15836425,5.020448533,1.318813938,2.381754518,0.772950772,21.9454051,0.486764058,AM,Oostwaard,Forest
VB233,15.78703188,5.732981766,1.413246668,2.597174064,1.937214536,24.53849521,0.968631621,AM,Oostwaard,Forest
VB234,21.14230138,6.895243813,1.625233352,3.314023315,2.321761931,31.58763592,0.940426765,AM,Oostwaard,Forest
VB235,12.49589035,5.557274841,0.965342861,2.090246526,1.242294827,19.9314238,0.612460457,AN,Oostwaard,Food_forest
VB236,15.143567,6.095233849,1.314025452,2.787117142,1.387795302,23.57984093,0.796764154,AN,Oostwaard,Food_forest
VB237,24.04445941,8.119419612,2.071751063,4.214360062,1.357548064,35.16465635,2.217508789,AN,Oostwaard,Food_forest
VB238,28.65043403,9.651084595,2.427163723,4.982133506,1.164071406,41.30668813,3.023429994,AN,Oostwaard,Food_forest
VB239,29.13788822,8.730028765,2.839823828,5.023140855,1.422071476,41.60935788,5.33442695,AN,Oostwaard,Food_forest
VB240,25.65423751,7.806501206,2.523393624,4.413956289,1.492465997,37.04202269,3.078062308,AN,Oostwaard,Food_forest
VB241,10.78866201,5.627433914,1.024240064,1.603465479,0.609834889,17.76526732,0.738957585,AO,Etten-Leur,Food_forest
VB242,11.35106665,6.614386447,0.899877532,1.996925683,0.765755658,19.34564743,0.562147538,AO,Etten-Leur,Food_forest
VB243,11.17298976,5.78841638,0.97688017,1.743811378,0.549572283,18.19640003,0.605069428,AO,Etten-Leur,Food_forest
VB244,11.41599512,6.390597659,0.874318032,1.977573958,0.725438174,19.11420738,0.482428959,AO,Etten-Leur,Food_forest
VB245,10.75078401,6.406998042,0.837245481,1.970057018,0.677386797,18.37339808,0.662071589,AO,Etten-Leur,Food_forest
VB246,12.33865837,7.298156871,0.852271553,2.161924408,1.287049709,21.42113415,0.635783664,AO,Etten-Leur,Food_forest
VB247,16.5817642,8.262444402,1.237039939,3.091953537,0.497659746,26.21180344,2.022391461,AP,Etten-Leur,Grassland
VB248,14.34216296,7.61101997,0.904271272,2.757396492,0.45676214,22.94661956,1.135293157,AP,Etten-Leur,Grassland
VB249,16.41731326,8.087743518,1.227451259,3.076566887,0.464110924,25.82899425,2.508094178,AP,Etten-Leur,Grassland
VB250,16.84791294,8.394155378,1.241892856,3.021289078,0.502825729,26.61508599,2.08336176,AP,Etten-Leur,Grassland
VB251,14.78623189,7.485157421,1.052848576,2.712243878,0.471464268,23.46461769,1.699611776,AP,Etten-Leur,Grassland
VB252,15.56390647,8.069854234,1.175326178,2.453089041,0.579036842,25.01719509,1.171999345,AP,Etten-Leur,Grassland
VB253,8.988887896,4.374622253,0.427288685,1.601767372,0.552762347,14.09713543,0.127870756,AQ,Etten-Leur,Forest
VB254,11.23169661,6.199574473,0.518411276,2.108972656,1.405707914,19.01525989,0.340446266,AQ,Etten-Leur,Forest
VB255,9.372364868,5.263080889,0.452263146,2.073048048,1.024428614,15.83657253,0.109378699,AQ,Etten-Leur,Forest
VB256,11.08170227,5.449641349,0.650515083,1.788629655,1.466240346,18.33029891,0.327171657,AQ,Etten-Leur,Forest
VB257,11.56620579,5.69589967,0.637286119,1.890367515,0.907574784,18.47716459,0.125534825,AQ,Etten-Leur,Forest
VB258,7.935790648,4.455243971,0.353342791,1.597253638,0.879751439,13.36092453,0.048194532,AQ,Etten-Leur,Forest
VB259,8.631812187,5.642602223,0.713432465,1.854924409,0.409322869,15.10170781,0.388113304,AR,Etten-Leur,Arable_field
VB260,11.21855516,6.180936847,0.804863229,2.214405756,1.058704709,18.9607203,0.491296234,AR,Etten-Leur,Arable_field
VB261,10.7629747,6.203036955,0.838115577,2.040682582,0.650367871,18.1329925,0.449795229,AR,Etten-Leur,Arable_field
VB262,11.43378689,5.788442583,0.867973153,2.184008123,0.383550299,18.15823295,0.452497303,AR,Etten-Leur,Arable_field
VB263,10.75408795,5.931191279,0.814671277,2.028670285,0.499693523,17.68786944,0.446205195,AR,Etten-Leur,Arable_field
VB264,10.23482111,5.889998127,0.760802337,1.953729926,0.594499589,17.16322932,0.23240455,AR,Etten-Leur,Arable_field
VB265,21.65369805,10.23310234,1.416761892,3.66241767,1.009453345,33.87799331,NA,AS,Malden,Grassland
VB266,19.3050887,8.68065822,1.436104679,3.264393996,0.840395652,29.90893805,4.239313757,AS,Malden,Grassland
VB267,19.12843021,8.89582376,1.521668808,3.31002184,1.08018316,30.24512847,5.734283902,AS,Malden,Grassland
VB268,19.68261142,9.0966586,1.541550157,3.491521721,1.46729172,31.43332158,4.39667767,AS,Malden,Grassland
VB269,20.14707497,9.243102495,1.380175965,3.518575182,0.916623194,31.27932972,3.607681581,AS,Malden,Grassland
VB270,18.71773755,7.988960874,1.58862228,3.224333208,0.964078108,28.90995148,7.006430809,AS,Malden,Grassland
VB271,18.65928001,8.493562026,1.326321998,3.054741615,1.48235988,29.54442265,NA,AT,Malden,Food_forest
VB272,20.75757713,8.647867283,1.818530058,3.28973539,1.23378037,32.0492595,2.151378788,AT,Malden,Food_forest
VB273,20.68921918,8.586838063,1.53830177,3.338356459,1.528905511,31.95399095,1.369494856,AT,Malden,Food_forest
VB274,13.58952805,6.247721018,0.991753589,2.121764813,1.044008443,21.55948197,0.80563051,AT,Malden,Food_forest
VB275,21.24021663,9.467006995,1.449073571,3.6518296,1.644472727,33.37713142,NA,AT,Malden,Food_forest
VB276,18.9756536,8.148345273,1.421818473,3.028393018,1.404748618,29.55093055,1.042440814,AT,Malden,Food_forest
VB277,10.34495654,4.313539404,0.304496803,3.028106645,0.957131645,15.64240744,0.200651341,AU,Malden,Forest
VB278,10.09702707,4.049159468,0.357129575,2.932114974,1.125161075,15.37787774,0.646972388,AU,Malden,Forest
VB279,23.84617146,14.10027564,0.761931178,4.233835488,2.34037965,40.08326603,0.293273665,AU,Malden,Forest
VB280,11.47497519,4.297059845,0.368541875,3.525371224,0.997485404,16.84911165,NA,AU,Malden,Forest
VB281,7.492469792,3.321523115,0.268907188,2.112017825,1.001765832,11.89192987,0.662721712,AU,Malden,Forest
VB282,19.1474458,7.634769161,0.797347528,5.249389647,1.789034635,28.94660261,1.694544966,AU,Malden,Forest
VB283,8.457026844,3.996399319,0.866783579,1.311949271,0.46310688,13.54335325,0.745991107,AV,Malden,Arable_field
VB284,7.469316744,3.625651844,0.750012294,1.149307939,0.483420246,12.11868205,0.551183026,AV,Malden,Arable_field
VB285,8.728168541,3.961120661,0.899990769,1.321534832,0.638703126,14.01082403,0.661170517,AV,Malden,Arable_field
VB286,8.125266396,4.230921004,0.826541427,1.367269464,0.521968084,13.46743869,1.664091602,AV,Malden,Arable_field
VB287,6.184691674,2.758038179,0.58155603,1.038907479,0.34011161,9.707690778,0.668046242,AV,Malden,Arable_field
VB288,11.35780562,5.162071126,1.021171965,2.00695163,0.622488109,17.88143936,3.710551138,AV,Malden,Arable_field
VB289,5.549322257,2.168461756,0.167261541,1.460816774,0.625498781,8.343282794,0.056380457,AW,Vaassen,Forest
VB290,5.864625234,2.591430519,0.144102912,1.691695529,0.907000681,9.309774685,0.124211998,AW,Vaassen,Forest
VB291,5.529971758,2.264900919,0.148412311,1.5486502,0.555854804,8.324916644,0.173115296,AW,Vaassen,Forest
VB292,7.849965891,3.278975778,0.280588972,1.881468688,0.535076644,11.6857694,0.195943777,AW,Vaassen,Forest
VB293,8.683073614,3.648322496,0.300631464,2.122039677,0.779659622,13.14299094,0.211727487,AW,Vaassen,Forest
VB294,6.602803115,2.723942864,0.236428497,1.622042779,0.568861293,9.938594272,0.229618542,AW,Vaassen,Forest
VB295,13.33136466,6.385647639,1.114784369,1.938289825,0.965932278,21.42185064,0.886276247,AX,Vaassen,Food_forest
VB296,10.35647934,5.691299897,0.808193058,1.42802676,0.859663348,17.41886014,1.31799597,AX,Vaassen,Food_forest
VB297,9.347459299,5.443344604,0.762142964,1.409715418,0.42465809,15.70238666,3.212875862,AX,Vaassen,Food_forest
VB298,9.84464488,5.471436469,0.79437459,1.464304073,0.812004313,16.623792,0.526636131,AX,Vaassen,Food_forest
VB299,11.30451058,6.426773784,0.855878167,1.887288234,1.107004097,19.34438409,0.719294228,AX,Vaassen,Food_forest
VB300,10.57754943,5.779706419,0.852553516,1.665868168,0.849878139,17.76182885,2.541709842,AX,Vaassen,Food_forest
VB301,9.080032713,5.058426529,0.658672665,1.739254907,0.631742266,15.15171549,0.430037658,AY,Vaassen,Grassland
VB302,8.380423746,5.122176962,0.643903153,1.64001649,0.675372104,14.55438988,0.857991429,AY,Vaassen,Grassland
VB303,10.69775376,5.896391141,0.835966106,2.006100955,0.820727141,17.92537739,1.084674102,AY,Vaassen,Grassland
VB304,9.631412004,6.061943018,0.939193114,2.033580531,0.690347075,17.00447931,2.15245051,AY,Vaassen,Grassland
VB305,10.68463069,6.030864269,0.927359028,2.005035076,0.810984562,18.13380877,2.935728414,AY,Vaassen,Grassland
VB306,10.24216347,5.628681443,0.816827123,1.92113496,0.629062966,17.00167311,1.394841703,AY,Vaassen,Grassland
VB307,8.575163932,5.453771103,0.64055623,1.583304282,0.537313638,14.92420657,0.792778535,AZ,Vaassen,Arable_field
VB308,8.349287925,5.149027942,0.65109126,1.497059317,0.492261039,14.38483632,0.506857449,AZ,Vaassen,Arable_field
VB309,7.486426187,4.992715625,0.542686481,1.320978312,0.585042499,13.35405831,0.792347262,AZ,Vaassen,Arable_field
VB310,9.205384409,5.417275485,0.734057357,1.683415602,0.63064512,15.69577377,2.26668572,AZ,Vaassen,Arable_field
VB311,8.781863215,5.354166054,0.658478665,1.617202984,0.788628069,15.30866251,0.452552523,AZ,Vaassen,Arable_field
VB312,9.740301491,6.170281633,0.713434364,1.802810188,0.823083957,17.13808896,0.668945868,AZ,Vaassen,Arable_field
